date,product_id,price,sales,competitor_price,recommended_price,rule_applied,price_change,price_change_percent
2024-01-01,1,62.48,0,63.56,62.48,Нет,0.0,0.0
2024-01-02,1,63.24,0,57.63,62.24,Правило 2: не было продаж вчера,-1.0,-1.6
2024-01-03,1,58.83,0,57.05,57.83,Правило 2: не было продаж вчера,-1.0,-1.7
2024-01-04,1,67.9,0,77.26,66.9,Правило 2: не было продаж вчера,-1.0,-1.5
2024-01-05,1,57.65,0,46.23,54.77,Правило 1: конкурент дешевле на 10%,-2.8799999999999955,-5.0
2024-01-06,1,57.68,0,48.95,54.8,Правило 1: конкурент дешевле на 10%,-2.8800000000000026,-5.0
2024-01-07,1,61.21,0,65.39,60.21,Правило 2: не было продаж вчера,-1.0,-1.6
2024-01-08,1,51.38,0,58.08,50.38,Правило 2: не было продаж вчера,-1.0,-1.9
2024-01-09,1,54.94,0,46.96,52.19,Правило 1: конкурент дешевле на 10%,-2.75,-5.0
2024-01-10,1,55.46,0,57.13,54.46,Правило 2: не было продаж вчера,-1.0,-1.8
2024-01-11,1,67.33,0,77.87,66.33,Правило 2: не было продаж вчера,-1.0,-1.5
2024-01-12,1,60.34,0,53.32,57.32,Правило 1: конкурент дешевле на 10%,-3.020000000000003,-5.0
2024-01-13,1,57.28,0,50.07,54.42,Правило 1: конкурент дешевле на 10%,-2.8599999999999994,-5.0
2024-01-14,1,54.25,0,45.75,51.54,Правило 1: конкурент дешевле на 10%,-2.710000000000001,-5.0
2024-01-15,1,57.0,0,50.61,54.15,Правило 1: конкурент дешевле на 10%,-2.8500000000000014,-5.0
2024-01-16,1,56.99,0,67.9,55.99,Правило 2: не было продаж вчера,-1.0,-1.8
2024-01-17,1,59.93,0,67.4,58.93,Правило 2: не было продаж вчера,-1.0,-1.7
2024-01-18,1,64.11,0,55.7,60.9,Правило 1: конкурент дешевле на 10%,-3.210000000000001,-5.0
2024-01-19,1,61.04,0,68.76,60.04,Правило 2: не было продаж вчера,-1.0,-1.6
2024-01-20,1,53.36,0,48.54,52.36,Правило 2: не было продаж вчера,-1.0,-1.9
2024-01-21,1,63.69,0,61.95,62.69,Правило 2: не было продаж вчера,-1.0,-1.6
2024-01-22,1,59.42,0,69.88,58.42,Правило 2: не было продаж вчера,-1.0,-1.7
2024-01-23,1,52.61,0,59.29,51.61,Правило 2: не было продаж вчера,-1.0,-1.9
2024-01-24,1,57.7,0,53.92,56.7,Правило 2: не было продаж вчера,-1.0,-1.7
2024-01-25,1,61.72,0,53.71,58.63,Правило 1: конкурент дешевле на 10%,-3.0899999999999963,-5.0
2024-01-26,1,61.62,0,58.49,60.62,Правило 2: не было продаж вчера,-1.0,-1.6
2024-01-27,1,56.62,0,45.42,53.79,Правило 1: конкурент дешевле на 10%,-2.8299999999999983,-5.0
2024-01-28,1,65.15,0,58.7,64.15,Правило 2: не было продаж вчера,-1.0,-1.5
2024-01-29,1,55.8,0,62.4,54.8,Правило 2: не было продаж вчера,-1.0,-1.8
2024-01-30,1,61.66,0,49.7,58.58,Правило 1: конкурент дешевле на 10%,-3.0799999999999983,-5.0
2024-01-31,1,57.6,0,59.88,56.6,Правило 2: не было продаж вчера,-1.0,-1.7
2024-02-01,1,54.47,0,56.73,53.47,Правило 2: не было продаж вчера,-1.0,-1.8
2024-02-02,1,64.06,0,53.94,60.86,Правило 1: конкурент дешевле на 10%,-3.200000000000003,-5.0
2024-02-03,1,59.64,0,56.82,58.64,Правило 2: не было продаж вчера,-1.0,-1.7
2024-02-04,1,61.81,0,50.35,58.72,Правило 1: конкурент дешевле на 10%,-3.0900000000000034,-5.0
2024-02-05,1,61.81,0,71.46,60.81,Правило 2: не было продаж вчера,-1.0,-1.6
2024-02-06,1,59.82,0,71.33,58.82,Правило 2: не было продаж вчера,-1.0,-1.7
2024-02-07,1,46.9,10,38.64,44.55,Правило 1: конкурент дешевле на 10%,-2.3500000000000014,-5.0
2024-02-08,1,60.44,0,69.88,60.44,Нет,0.0,0.0
2024-02-09,1,60.46,0,62.32,59.46,Правило 2: не было продаж вчера,-1.0,-1.7
2024-02-10,1,58.9,0,64.61,57.9,Правило 2: не было продаж вчера,-1.0,-1.7
2024-02-11,1,67.39,0,70.9,66.39,Правило 2: не было продаж вчера,-1.0,-1.5
2024-02-12,1,55.96,0,57.79,54.96,Правило 2: не было продаж вчера,-1.0,-1.8
2024-02-13,1,64.58,0,52.19,61.35,Правило 1: конкурент дешевле на 10%,-3.229999999999997,-5.0
2024-02-14,1,57.35,0,50.7,54.48,Правило 1: конкурент дешевле на 10%,-2.8700000000000045,-5.0
2024-02-15,1,60.49,0,61.57,59.49,Правило 2: не было продаж вчера,-1.0,-1.7
2024-02-16,1,56.49,0,62.57,55.49,Правило 2: не было продаж вчера,-1.0,-1.8
2024-02-17,1,58.04,0,52.25,57.04,Правило 2: не было продаж вчера,-1.0,-1.7
2024-02-18,1,61.48,0,56.21,60.48,Правило 2: не было продаж вчера,-1.0,-1.6
2024-02-19,1,60.03,0,68.49,59.03,Правило 2: не было продаж вчера,-1.0,-1.7
2024-02-20,1,52.92,0,62.97,51.92,Правило 2: не было продаж вчера,-1.0,-1.9
2024-02-21,1,58.29,0,67.26,57.29,Правило 2: не было продаж вчера,-1.0,-1.7
2024-02-22,1,59.19,0,55.86,58.19,Правило 2: не было продаж вчера,-1.0,-1.7
2024-02-23,1,69.43,0,72.18,68.43,Правило 2: не было продаж вчера,-1.0,-1.4
2024-02-24,1,61.29,0,57.73,60.29,Правило 2: не было продаж вчера,-1.0,-1.6
2024-02-25,1,50.41,0,47.19,49.41,Правило 2: не было продаж вчера,-1.0,-2.0
2024-02-26,1,60.3,0,52.54,57.28,Правило 1: конкурент дешевле на 10%,-3.019999999999996,-5.0
2024-02-27,1,59.04,0,52.85,56.09,Правило 1: конкурент дешевле на 10%,-2.9499999999999957,-5.0
2024-02-28,1,59.83,0,48.94,56.84,Правило 1: конкурент дешевле на 10%,-2.989999999999995,-5.0
2024-02-29,1,65.71,0,65.85,64.71,Правило 2: не было продаж вчера,-1.0,-1.5
2024-03-01,1,63.96,0,60.79,62.96,Правило 2: не было продаж вчера,-1.0,-1.6
2024-03-02,1,67.01,0,69.5,66.01,Правило 2: не было продаж вчера,-1.0,-1.5
2024-03-03,1,62.93,0,66.2,61.93,Правило 2: не было продаж вчера,-1.0,-1.6
2024-03-04,1,55.05,0,47.18,52.3,Правило 1: конкурент дешевле на 10%,-2.75,-5.0
2024-03-05,1,60.5,0,71.0,59.5,Правило 2: не было продаж вчера,-1.0,-1.7
2024-03-06,1,52.25,0,61.58,51.25,Правило 2: не было продаж вчера,-1.0,-1.9
2024-03-07,1,54.69,0,56.93,53.69,Правило 2: не было продаж вчера,-1.0,-1.8
2024-03-08,1,55.4,0,52.91,54.4,Правило 2: не было продаж вчера,-1.0,-1.8
2024-03-09,1,56.08,0,53.01,55.08,Правило 2: не было продаж вчера,-1.0,-1.8
2024-03-10,1,64.07,0,56.49,60.87,Правило 1: конкурент дешевле на 10%,-3.1999999999999957,-5.0
2024-03-11,1,61.14,0,55.68,60.14,Правило 2: не было продаж вчера,-1.0,-1.6
2024-03-12,1,51.96,0,46.69,49.36,Правило 1: конкурент дешевле на 10%,-2.6000000000000014,-5.0
2024-03-13,1,61.3,0,53.3,58.23,Правило 1: конкурент дешевле на 10%,-3.0700000000000003,-5.0
2024-03-14,1,53.82,0,63.87,52.82,Правило 2: не было продаж вчера,-1.0,-1.9
2024-03-15,1,62.61,0,74.06,61.61,Правило 2: не было продаж вчера,-1.0,-1.6
2024-03-16,1,61.25,0,63.65,60.25,Правило 2: не было продаж вчера,-1.0,-1.6
2024-03-17,1,56.6,0,61.84,55.6,Правило 2: не было продаж вчера,-1.0,-1.8
2024-03-18,1,61.47,0,57.55,60.47,Правило 2: не было продаж вчера,-1.0,-1.6
2024-03-19,1,69.33,0,58.02,65.86,Правило 1: конкурент дешевле на 10%,-3.469999999999999,-5.0
2024-03-20,1,54.04,0,53.25,53.04,Правило 2: не было продаж вчера,-1.0,-1.9
2024-03-21,1,55.13,0,55.32,54.13,Правило 2: не было продаж вчера,-1.0,-1.8
2024-03-22,1,65.79,0,54.96,62.5,Правило 1: конкурент дешевле на 10%,-3.2900000000000063,-5.0
2024-03-23,1,64.82,0,65.55,63.82,Правило 2: не было продаж вчера,-0.9999999999999929,-1.5
2024-03-24,1,64.11,0,76.73,63.11,Правило 2: не было продаж вчера,-1.0,-1.6
2024-03-25,1,58.77,0,56.3,57.77,Правило 2: не было продаж вчера,-1.0,-1.7
2024-03-26,1,55.55,0,51.9,54.55,Правило 2: не было продаж вчера,-1.0,-1.8
2024-03-27,1,59.61,0,66.89,58.61,Правило 2: не было продаж вчера,-1.0,-1.7
2024-03-28,1,61.38,0,67.62,60.38,Правило 2: не было продаж вчера,-1.0,-1.6
2024-03-29,1,60.07,0,55.58,59.07,Правило 2: не было продаж вчера,-1.0,-1.7
2024-03-30,1,58.68,0,61.83,57.68,Правило 2: не было продаж вчера,-1.0,-1.7
2024-03-31,1,63.13,0,64.15,62.13,Правило 2: не было продаж вчера,-1.0,-1.6
2024-04-01,1,54.65,0,50.21,53.65,Правило 2: не было продаж вчера,-1.0,-1.8
2024-04-02,1,58.88,0,49.71,55.94,Правило 1: конкурент дешевле на 10%,-2.940000000000005,-5.0
2024-04-03,1,62.37,0,57.7,61.37,Правило 2: не было продаж вчера,-1.0,-1.6
2024-04-04,1,55.77,0,54.81,54.77,Правило 2: не было продаж вчера,-1.0,-1.8
2024-04-05,1,57.77,0,61.44,56.77,Правило 2: не было продаж вчера,-1.0,-1.7
2024-04-06,1,61.07,0,55.07,60.07,Правило 2: не было продаж вчера,-1.0,-1.6
2024-04-07,1,60.87,0,64.31,59.87,Правило 2: не было продаж вчера,-1.0,-1.6
2024-04-08,1,55.58,0,48.91,52.8,Правило 1: конкурент дешевле на 10%,-2.780000000000001,-5.0
2024-04-09,1,60.29,0,64.09,59.29,Правило 2: не было продаж вчера,-1.0,-1.7
2024-01-01,2,71.79,0,79.78,71.79,Нет,0.0,0.0
2024-01-02,2,75.42,0,83.85,74.42,Правило 2: не было продаж вчера,-1.0,-1.3
2024-01-03,2,63.11,0,65.9,62.11,Правило 2: не было продаж вчера,-1.0,-1.6
2024-01-04,2,72.58,0,67.03,71.58,Правило 2: не было продаж вчера,-1.0,-1.4
2024-01-05,2,72.58,0,78.32,71.58,Правило 2: не было продаж вчера,-1.0,-1.4
2024-01-06,2,72.85,0,83.33,71.85,Правило 2: не было продаж вчера,-1.0,-1.4
2024-01-07,2,74.77,0,78.52,73.77,Правило 2: не было продаж вчера,-1.0,-1.3
2024-01-08,2,68.42,0,81.62,67.42,Правило 2: не было продаж вчера,-1.0,-1.5
2024-01-09,2,66.14,0,78.75,65.14,Правило 2: не было продаж вчера,-1.0,-1.5
2024-01-10,2,67.57,0,58.56,64.19,Правило 1: конкурент дешевле на 10%,-3.3799999999999955,-5.0
2024-01-11,2,81.57,0,66.01,77.49,Правило 1: конкурент дешевле на 10%,-4.079999999999998,-5.0
2024-01-12,2,73.43,0,63.47,69.76,Правило 1: конкурент дешевле на 10%,-3.6700000000000017,-5.0
2024-01-13,2,67.64,0,79.1,66.64,Правило 2: не было продаж вчера,-1.0,-1.5
2024-01-14,2,70.32,0,83.08,69.32,Правило 2: не было продаж вчера,-1.0,-1.4
2024-01-15,2,66.42,0,58.74,63.1,Правило 1: конкурент дешевле на 10%,-3.3200000000000003,-5.0
2024-01-16,2,66.35,0,62.65,65.35,Правило 2: не было продаж вчера,-1.0,-1.5
2024-01-17,2,70.23,0,71.62,69.23,Правило 2: не было продаж вчера,-1.0,-1.4
2024-01-18,2,80.72,0,73.35,79.72,Правило 2: не было продаж вчера,-1.0,-1.2
2024-01-19,2,59.87,0,58.93,58.87,Правило 2: не было продаж вчера,-1.0,-1.7
2024-01-20,2,66.69,0,71.92,65.69,Правило 2: не было продаж вчера,-1.0,-1.5
2024-01-21,2,66.04,0,66.05,65.04,Правило 2: не было продаж вчера,-1.0,-1.5
2024-01-22,2,72.52,0,78.79,71.52,Правило 2: не было продаж вчера,-1.0,-1.4
2024-01-23,2,64.0,0,64.66,63.0,Правило 2: не было продаж вчера,-1.0,-1.6
2024-01-24,2,67.63,0,54.14,64.25,Правило 1: конкурент дешевле на 10%,-3.3799999999999955,-5.0
2024-01-25,2,78.83,0,75.51,77.83,Правило 2: не было продаж вчера,-1.0,-1.3
2024-01-26,2,63.7,0,63.5,62.7,Правило 2: не было продаж вчера,-1.0,-1.6
2024-01-27,2,80.61,0,77.48,79.61,Правило 2: не было продаж вчера,-1.0,-1.2
2024-01-28,2,62.4,0,58.76,61.4,Правило 2: не было продаж вчера,-1.0,-1.6
2024-01-29,2,76.33,0,76.35,75.33,Правило 2: не было продаж вчера,-1.0,-1.3
2024-01-30,2,72.22,0,70.64,71.22,Правило 2: не было продаж вчера,-1.0,-1.4
2024-01-31,2,65.37,0,54.66,62.1,Правило 1: конкурент дешевле на 10%,-3.270000000000003,-5.0
2024-02-01,2,53.79,0,48.92,52.79,Правило 2: не было продаж вчера,-1.0,-1.9
2024-02-02,2,68.74,0,80.93,67.74,Правило 2: не было продаж вчера,-1.0,-1.5
2024-02-03,2,78.16,0,63.36,74.25,Правило 1: конкурент дешевле на 10%,-3.9099999999999966,-5.0
2024-02-04,2,67.8,0,55.32,64.41,Правило 1: конкурент дешевле на 10%,-3.3900000000000006,-5.0
2024-02-05,2,77.21,0,70.51,76.21,Правило 2: не было продаж вчера,-1.0,-1.3
2024-02-06,2,75.82,0,78.32,74.82,Правило 2: не было продаж вчера,-1.0,-1.3
2024-02-07,2,65.09,0,77.87,64.09,Правило 2: не было продаж вчера,-1.0,-1.5
2024-02-08,2,71.0,0,84.99,70.0,Правило 2: не было продаж вчера,-1.0,-1.4
2024-02-09,2,70.35,0,84.23,69.35,Правило 2: не было продаж вчера,-1.0,-1.4
2024-02-10,2,70.57,0,59.56,67.04,Правило 1: конкурент дешевле на 10%,-3.529999999999987,-5.0
2024-02-11,2,77.93,0,83.06,76.93,Правило 2: не было продаж вчера,-1.0,-1.3
2024-02-12,2,80.67,0,81.44,79.67,Правило 2: не было продаж вчера,-1.0,-1.2
2024-02-13,2,69.24,0,60.19,65.78,Правило 1: конкурент дешевле на 10%,-3.4599999999999937,-5.0
2024-02-14,2,71.4,0,84.05,70.4,Правило 2: не было продаж вчера,-1.0,-1.4
2024-02-15,2,68.96,0,61.84,65.51,Правило 1: конкурент дешевле на 10%,-3.4499999999999886,-5.0
2024-02-16,2,67.05,0,80.43,66.05,Правило 2: не было продаж вчера,-1.0,-1.5
2024-02-17,2,71.79,0,74.16,70.79,Правило 2: не было продаж вчера,-1.0,-1.4
2024-02-18,2,74.5,0,65.06,70.77,Правило 1: конкурент дешевле на 10%,-3.730000000000004,-5.0
2024-02-19,2,74.06,0,70.71,73.06,Правило 2: не было продаж вчера,-1.0,-1.4
2024-02-20,2,65.86,0,57.68,62.57,Правило 1: конкурент дешевле на 10%,-3.289999999999999,-5.0
2024-02-21,2,73.74,0,71.11,72.74,Правило 2: не было продаж вчера,-1.0,-1.4
2024-02-22,2,69.9,0,72.55,68.9,Правило 2: не было продаж вчера,-1.0,-1.4
2024-02-23,2,76.39,0,83.01,75.39,Правило 2: не было продаж вчера,-1.0,-1.3
2024-02-24,2,72.74,0,72.36,71.74,Правило 2: не было продаж вчера,-1.0,-1.4
2024-02-25,2,68.91,0,63.66,67.91,Правило 2: не было продаж вчера,-1.0,-1.5
2024-02-26,2,74.13,0,76.43,73.13,Правило 2: не было продаж вчера,-1.0,-1.3
2024-02-27,2,76.53,0,74.75,75.53,Правило 2: не было продаж вчера,-1.0,-1.3
2024-02-28,2,73.41,0,69.29,72.41,Правило 2: не было продаж вчера,-1.0,-1.4
2024-02-29,2,71.62,0,66.5,70.62,Правило 2: не было продаж вчера,-1.0,-1.4
2024-03-01,2,70.48,0,62.25,66.96,Правило 1: конкурент дешевле на 10%,-3.5200000000000102,-5.0
2024-03-02,2,65.91,0,64.62,64.91,Правило 2: не было продаж вчера,-1.0,-1.5
2024-03-03,2,64.97,0,64.76,63.97,Правило 2: не было продаж вчера,-1.0,-1.5
2024-03-04,2,75.79,0,87.89,74.79,Правило 2: не было продаж вчера,-1.0,-1.3
2024-03-05,2,73.12,0,79.83,72.12,Правило 2: не было продаж вчера,-1.0,-1.4
2024-03-06,2,69.94,0,77.5,68.94,Правило 2: не было продаж вчера,-1.0,-1.4
2024-03-07,2,70.38,0,66.87,69.38,Правило 2: не было продаж вчера,-1.0,-1.4
2024-03-08,2,74.88,0,70.2,73.88,Правило 2: не было продаж вчера,-1.0,-1.3
2024-03-09,2,65.87,0,69.95,64.87,Правило 2: не было продаж вчера,-1.0,-1.5
2024-03-10,2,72.06,0,78.14,71.06,Правило 2: не было продаж вчера,-1.0,-1.4
2024-03-11,2,65.89,0,55.7,62.6,Правило 1: конкурент дешевле на 10%,-3.289999999999999,-5.0
2024-03-12,2,71.22,0,60.77,67.66,Правило 1: конкурент дешевле на 10%,-3.5600000000000023,-5.0
2024-03-13,2,67.64,0,66.45,66.64,Правило 2: не было продаж вчера,-1.0,-1.5
2024-03-14,2,62.76,0,54.22,59.62,Правило 1: конкурент дешевле на 10%,-3.1400000000000006,-5.0
2024-03-15,2,66.41,0,78.67,65.41,Правило 2: не было продаж вчера,-1.0,-1.5
2024-03-16,2,71.55,0,81.21,70.55,Правило 2: не было продаж вчера,-1.0,-1.4
2024-03-17,2,74.29,0,74.89,73.29,Правило 2: не было продаж вчера,-1.0,-1.3
2024-03-18,2,69.9,0,62.02,66.41,Правило 1: конкурент дешевле на 10%,-3.490000000000009,-5.0
2024-03-19,2,69.91,0,59.7,66.41,Правило 1: конкурент дешевле на 10%,-3.5,-5.0
2024-03-20,2,71.61,0,85.33,70.61,Правило 2: не было продаж вчера,-1.0,-1.4
2024-03-21,2,72.6,0,78.61,71.6,Правило 2: не было продаж вчера,-1.0,-1.4
2024-03-22,2,69.46,0,79.46,68.46,Правило 2: не было продаж вчера,-1.0,-1.4
2024-03-23,2,73.45,0,70.14,72.45,Правило 2: не было продаж вчера,-1.0,-1.4
2024-03-24,2,71.12,0,64.03,70.12,Правило 2: не было продаж вчера,-1.0,-1.4
2024-03-25,2,70.49,0,64.83,69.49,Правило 2: не было продаж вчера,-1.0,-1.4
2024-03-26,2,70.12,0,80.13,69.12,Правило 2: не было продаж вчера,-1.0,-1.4
2024-03-27,2,77.26,0,76.43,76.26,Правило 2: не было продаж вчера,-1.0,-1.3
2024-03-28,2,80.77,0,86.05,79.77,Правило 2: не было продаж вчера,-1.0,-1.2
2024-03-29,2,74.36,0,83.45,73.36,Правило 2: не было продаж вчера,-1.0,-1.3
2024-03-30,2,80.95,0,72.95,79.95,Правило 2: не было продаж вчера,-1.0,-1.2
2024-03-31,2,65.8,0,54.73,62.51,Правило 1: конкурент дешевле на 10%,-3.289999999999999,-5.0
2024-04-01,2,59.38,0,64.91,58.38,Правило 2: не было продаж вчера,-1.0,-1.7
2024-04-02,2,66.2,0,78.42,65.2,Правило 2: не было продаж вчера,-1.0,-1.5
2024-04-03,2,71.71,0,84.73,70.71,Правило 2: не было продаж вчера,-1.0,-1.4
2024-04-04,2,74.75,0,74.47,73.75,Правило 2: не было продаж вчера,-1.0,-1.3
2024-04-05,2,65.51,0,68.97,64.51,Правило 2: не было продаж вчера,-1.0,-1.5
2024-04-06,2,63.4,0,69.31,62.4,Правило 2: не было продаж вчера,-1.0,-1.6
2024-04-07,2,75.9,0,88.12,74.9,Правило 2: не было продаж вчера,-1.0,-1.3
2024-04-08,2,61.43,0,53.13,58.36,Правило 1: конкурент дешевле на 10%,-3.0700000000000003,-5.0
2024-04-09,2,69.43,0,66.82,68.43,Правило 2: не было продаж вчера,-1.0,-1.4
2024-01-01,3,72.03,0,69.64,72.03,Нет,0.0,0.0
2024-01-02,3,80.03,0,86.29,79.03,Правило 2: не было продаж вчера,-1.0,-1.2
2024-01-03,3,77.75,0,75.41,76.75,Правило 2: не было продаж вчера,-1.0,-1.3
2024-01-04,3,74.66,0,85.35,73.66,Правило 2: не было продаж вчера,-1.0,-1.3
2024-01-05,3,80.6,0,91.79,79.6,Правило 2: не было продаж вчера,-1.0,-1.2
2024-01-06,3,83.56,0,69.19,79.38,Правило 1: конкурент дешевле на 10%,-4.180000000000007,-5.0
2024-01-07,3,72.33,0,66.59,71.33,Правило 2: не было продаж вчера,-1.0,-1.4
2024-01-08,3,81.66,0,97.33,80.66,Правило 2: не было продаж вчера,-1.0,-1.2
2024-01-09,3,87.76,0,71.46,83.37,Правило 1: конкурент дешевле на 10%,-4.390000000000001,-5.0
2024-01-10,3,85.9,0,85.64,84.9,Правило 2: не было продаж вчера,-1.0,-1.2
2024-01-11,3,90.3,0,106.64,89.3,Правило 2: не было продаж вчера,-1.0,-1.1
2024-01-12,3,78.76,0,88.54,77.76,Правило 2: не было продаж вчера,-1.0,-1.3
2024-01-13,3,83.23,0,76.38,82.23,Правило 2: не было продаж вчера,-1.0,-1.2
2024-01-14,3,75.18,0,78.07,74.18,Правило 2: не было продаж вчера,-1.0,-1.3
2024-01-15,3,85.29,0,82.94,84.29,Правило 2: не было продаж вчера,-1.0,-1.2
2024-01-16,3,74.08,0,76.82,73.08,Правило 2: не было продаж вчера,-1.0,-1.3
2024-01-17,3,78.65,0,91.04,77.65,Правило 2: не было продаж вчера,-1.0,-1.3
2024-01-18,3,87.51,0,89.4,86.51,Правило 2: не было продаж вчера,-1.0,-1.1
2024-01-19,3,88.14,0,87.89,87.14,Правило 2: не было продаж вчера,-1.0,-1.1
2024-01-20,3,71.48,0,66.31,70.48,Правило 2: не было продаж вчера,-1.0,-1.4
2024-01-21,3,81.92,0,74.17,80.92,Правило 2: не было продаж вчера,-1.0,-1.2
2024-01-22,3,69.66,0,70.84,68.66,Правило 2: не было продаж вчера,-1.0,-1.4
2024-01-23,3,73.48,0,61.2,69.81,Правило 1: конкурент дешевле на 10%,-3.6700000000000017,-5.0
2024-01-24,3,81.83,0,86.27,80.83,Правило 2: не было продаж вчера,-1.0,-1.2
2024-01-25,3,77.43,0,86.61,76.43,Правило 2: не было продаж вчера,-1.0,-1.3
2024-01-26,3,79.69,0,94.19,78.69,Правило 2: не было продаж вчера,-1.0,-1.3
2024-01-27,3,75.07,0,80.61,74.07,Правило 2: не было продаж вчера,-1.0,-1.3
2024-01-28,3,77.35,0,76.99,76.35,Правило 2: не было продаж вчера,-1.0,-1.3
2024-01-29,3,79.46,0,79.0,78.46,Правило 2: не было продаж вчера,-1.0,-1.3
2024-01-30,3,77.23,0,91.65,76.23,Правило 2: не было продаж вчера,-1.0,-1.3
2024-01-31,3,89.82,0,79.45,85.33,Правило 1: конкурент дешевле на 10%,-4.489999999999995,-5.0
2024-02-01,3,76.5,0,73.8,75.5,Правило 2: не было продаж вчера,-1.0,-1.3
2024-02-02,3,79.44,0,95.0,78.44,Правило 2: не было продаж вчера,-1.0,-1.3
2024-02-03,3,83.07,0,67.4,78.92,Правило 1: конкурент дешевле на 10%,-4.1499999999999915,-5.0
2024-02-04,3,77.35,0,83.58,76.35,Правило 2: не было продаж вчера,-1.0,-1.3
2024-02-05,3,78.62,0,63.69,74.69,Правило 1: конкурент дешевле на 10%,-3.930000000000007,-5.0
2024-02-06,3,72.42,0,67.23,71.42,Правило 2: не было продаж вчера,-1.0,-1.4
2024-02-07,3,88.22,0,73.17,83.81,Правило 1: конкурент дешевле на 10%,-4.409999999999997,-5.0
2024-02-08,3,82.88,0,68.32,78.74,Правило 1: конкурент дешевле на 10%,-4.140000000000001,-5.0
2024-02-09,3,95.39,0,80.56,90.62,Правило 1: конкурент дешевле на 10%,-4.769999999999996,-5.0
2024-02-10,3,79.36,0,68.86,75.39,Правило 1: конкурент дешевле на 10%,-3.969999999999999,-5.0
2024-02-11,3,71.97,0,75.65,70.97,Правило 2: не было продаж вчера,-1.0,-1.4
2024-02-12,3,76.22,0,74.34,75.22,Правило 2: не было продаж вчера,-1.0,-1.3
2024-02-13,3,76.77,0,86.93,75.77,Правило 2: не было продаж вчера,-1.0,-1.3
2024-02-14,3,88.44,0,79.23,84.02,Правило 1: конкурент дешевле на 10%,-4.420000000000002,-5.0
2024-02-15,3,79.96,0,70.05,75.96,Правило 1: конкурент дешевле на 10%,-4.0,-5.0
2024-02-16,3,80.39,0,87.2,79.39,Правило 2: не было продаж вчера,-1.0,-1.2
2024-02-17,3,87.62,0,100.18,86.62,Правило 2: не было продаж вчера,-1.0,-1.1
2024-02-18,3,74.81,0,76.58,73.81,Правило 2: не было продаж вчера,-1.0,-1.3
2024-02-19,3,75.62,0,81.8,74.62,Правило 2: не было продаж вчера,-1.0,-1.3
2024-02-20,3,84.63,0,88.19,83.63,Правило 2: не было продаж вчера,-1.0,-1.2
2024-02-21,3,73.01,0,74.74,72.01,Правило 2: не было продаж вчера,-1.0,-1.4
2024-02-22,3,76.75,0,87.81,75.75,Правило 2: не было продаж вчера,-1.0,-1.3
2024-02-23,3,77.04,0,89.98,76.04,Правило 2: не было продаж вчера,-1.0,-1.3
2024-02-24,3,80.24,0,91.46,79.24,Правило 2: не было продаж вчера,-1.0,-1.2
2024-02-25,3,81.35,0,73.36,80.35,Правило 2: не было продаж вчера,-1.0,-1.2
2024-02-26,3,78.81,0,90.71,77.81,Правило 2: не было продаж вчера,-1.0,-1.3
2024-02-27,3,77.12,0,75.12,76.12,Правило 2: не было продаж вчера,-1.0,-1.3
2024-02-28,3,82.5,0,90.07,81.5,Правило 2: не было продаж вчера,-1.0,-1.2
2024-02-29,3,80.5,0,77.69,79.5,Правило 2: не было продаж вчера,-1.0,-1.2
2024-03-01,3,71.65,0,62.79,68.07,Правило 1: конкурент дешевле на 10%,-3.5800000000000125,-5.0
2024-03-02,3,76.69,0,83.01,75.69,Правило 2: не было продаж вчера,-1.0,-1.3
2024-03-03,3,76.18,0,68.28,72.37,Правило 1: конкурент дешевле на 10%,-3.8100000000000023,-5.0
2024-03-04,3,71.86,0,81.96,70.86,Правило 2: не было продаж вчера,-1.0,-1.4
2024-03-05,3,81.3,0,91.84,80.3,Правило 2: не было продаж вчера,-1.0,-1.2
2024-03-06,3,83.19,0,84.03,82.19,Правило 2: не было продаж вчера,-1.0,-1.2
2024-03-07,3,79.67,0,76.05,78.67,Правило 2: не было продаж вчера,-1.0,-1.3
2024-03-08,3,76.74,0,79.53,75.74,Правило 2: не было продаж вчера,-1.0,-1.3
2024-03-09,3,75.7,0,64.72,71.92,Правило 1: конкурент дешевле на 10%,-3.780000000000001,-5.0
2024-03-10,3,85.03,0,95.51,84.03,Правило 2: не было продаж вчера,-1.0,-1.2
2024-03-11,3,84.18,0,99.87,83.18,Правило 2: не было продаж вчера,-1.0,-1.2
2024-03-12,3,82.65,0,91.9,81.65,Правило 2: не было продаж вчера,-1.0,-1.2
2024-03-13,3,67.64,0,60.59,64.26,Правило 1: конкурент дешевле на 10%,-3.3799999999999955,-5.0
2024-03-14,3,82.89,0,95.07,81.89,Правило 2: не было продаж вчера,-1.0,-1.2
2024-03-15,3,81.86,0,91.95,80.86,Правило 2: не было продаж вчера,-1.0,-1.2
2024-03-16,3,80.43,0,66.39,76.41,Правило 1: конкурент дешевле на 10%,-4.02000000000001,-5.0
2024-03-17,3,85.84,0,76.61,81.55,Правило 1: конкурент дешевле на 10%,-4.290000000000006,-5.0
2024-03-18,3,81.69,0,84.62,80.69,Правило 2: не было продаж вчера,-1.0,-1.2
2024-03-19,3,77.56,0,66.31,73.68,Правило 1: конкурент дешевле на 10%,-3.8799999999999955,-5.0
2024-03-20,3,81.97,0,87.82,80.97,Правило 2: не было продаж вчера,-1.0,-1.2
2024-03-21,3,81.45,0,97.49,80.45,Правило 2: не было продаж вчера,-1.0,-1.2
2024-03-22,3,84.36,0,77.13,83.36,Правило 2: не было продаж вчера,-1.0,-1.2
2024-03-23,3,86.01,0,94.99,85.01,Правило 2: не было продаж вчера,-1.0,-1.2
2024-03-24,3,69.81,0,57.15,66.32,Правило 1: конкурент дешевле на 10%,-3.490000000000009,-5.0
2024-03-25,3,70.65,0,65.92,69.65,Правило 2: не было продаж вчера,-1.0,-1.4
2024-03-26,3,80.09,0,94.33,79.09,Правило 2: не было продаж вчера,-1.0,-1.2
2024-03-27,3,81.63,0,86.09,80.63,Правило 2: не было продаж вчера,-1.0,-1.2
2024-03-28,3,84.15,0,87.58,83.15,Правило 2: не было продаж вчера,-1.0,-1.2
2024-03-29,3,81.18,0,95.08,80.18,Правило 2: не было продаж вчера,-1.0,-1.2
2024-03-30,3,72.61,0,63.36,68.98,Правило 1: конкурент дешевле на 10%,-3.6299999999999955,-5.0
2024-03-31,3,81.69,0,65.93,77.61,Правило 1: конкурент дешевле на 10%,-4.079999999999998,-5.0
2024-04-01,3,83.16,0,72.85,79.0,Правило 1: конкурент дешевле на 10%,-4.159999999999997,-5.0
2024-04-02,3,80.91,0,81.62,79.91,Правило 2: не было продаж вчера,-1.0,-1.2
2024-04-03,3,77.7,0,77.57,76.7,Правило 2: не было продаж вчера,-1.0,-1.3
2024-04-04,3,84.15,0,94.26,83.15,Правило 2: не было продаж вчера,-1.0,-1.2
2024-04-05,3,80.36,0,91.91,79.36,Правило 2: не было продаж вчера,-1.0,-1.2
2024-04-06,3,82.39,0,72.93,78.27,Правило 1: конкурент дешевле на 10%,-4.1200000000000045,-5.0
2024-04-07,3,85.19,0,83.05,84.19,Правило 2: не было продаж вчера,-1.0,-1.2
2024-04-08,3,78.65,0,76.18,77.65,Правило 2: не было продаж вчера,-1.0,-1.3
2024-04-09,3,77.78,0,63.93,73.89,Правило 1: конкурент дешевле на 10%,-3.8900000000000006,-5.0
2024-01-01,4,93.78,0,75.4,89.09,Правило 1: конкурент дешевле на 10%,-4.689999999999998,-5.0
2024-01-02,4,94.35,0,105.29,93.35,Правило 2: не было продаж вчера,-1.0,-1.1
2024-01-03,4,92.07,0,83.8,91.07,Правило 2: не было продаж вчера,-1.0,-1.1
2024-01-04,4,86.13,0,93.63,85.13,Правило 2: не было продаж вчера,-1.0,-1.2
2024-01-05,4,81.11,0,78.56,80.11,Правило 2: не было продаж вчера,-1.0,-1.2
2024-01-06,4,93.27,0,79.96,88.61,Правило 1: конкурент дешевле на 10%,-4.659999999999997,-5.0
2024-01-07,4,91.4,0,80.16,86.83,Правило 1: конкурент дешевле на 10%,-4.570000000000007,-5.0
2024-01-08,4,102.23,0,94.62,101.23,Правило 2: не было продаж вчера,-1.0,-1.0
2024-01-09,4,90.55,0,101.6,89.55,Правило 2: не было продаж вчера,-1.0,-1.1
2024-01-10,4,92.41,0,74.39,87.79,Правило 1: конкурент дешевле на 10%,-4.61999999999999,-5.0
2024-01-11,4,86.05,0,70.53,81.75,Правило 1: конкурент дешевле на 10%,-4.299999999999997,-5.0
2024-01-12,4,99.41,0,102.03,98.41,Правило 2: не было продаж вчера,-1.0,-1.0
2024-01-13,4,97.97,0,105.29,96.97,Правило 2: не было продаж вчера,-1.0,-1.0
2024-01-14,4,85.05,0,92.77,84.05,Правило 2: не было продаж вчера,-1.0,-1.2
2024-01-15,4,90.28,0,89.55,89.28,Правило 2: не было продаж вчера,-1.0,-1.1
2024-01-16,4,81.54,0,77.22,80.54,Правило 2: не было продаж вчера,-1.0,-1.2
2024-01-17,4,89.21,0,101.34,88.21,Правило 2: не было продаж вчера,-1.0,-1.1
2024-01-18,4,84.94,0,83.38,83.94,Правило 2: не было продаж вчера,-1.0,-1.2
2024-01-19,4,94.12,0,87.39,93.12,Правило 2: не было продаж вчера,-1.0,-1.1
2024-01-20,4,83.55,0,69.94,79.37,Правило 1: конкурент дешевле на 10%,-4.179999999999993,-5.0
2024-01-21,4,88.32,0,72.79,83.9,Правило 1: конкурент дешевле на 10%,-4.4199999999999875,-5.0
2024-01-22,4,88.7,0,74.19,84.27,Правило 1: конкурент дешевле на 10%,-4.430000000000007,-5.0
2024-01-23,4,88.77,0,95.26,87.77,Правило 2: не было продаж вчера,-1.0,-1.1
2024-01-24,4,76.52,0,82.05,75.52,Правило 2: не было продаж вчера,-1.0,-1.3
2024-01-25,4,88.85,0,79.72,84.41,Правило 1: конкурент дешевле на 10%,-4.439999999999998,-5.0
2024-01-26,4,99.24,0,104.82,98.24,Правило 2: не было продаж вчера,-1.0,-1.0
2024-01-27,4,88.66,0,73.38,84.23,Правило 1: конкурент дешевле на 10%,-4.429999999999993,-5.0
2024-01-28,4,102.87,0,118.21,101.87,Правило 2: не было продаж вчера,-1.0,-1.0
2024-01-29,4,90.07,0,76.0,85.57,Правило 1: конкурент дешевле на 10%,-4.5,-5.0
2024-01-30,4,90.99,0,78.94,86.44,Правило 1: конкурент дешевле на 10%,-4.549999999999997,-5.0
2024-01-31,4,87.13,0,85.99,86.13,Правило 2: не было продаж вчера,-1.0,-1.1
2024-02-01,4,89.84,0,99.76,88.84,Правило 2: не было продаж вчера,-1.0,-1.1
2024-02-02,4,86.44,0,98.7,85.44,Правило 2: не было продаж вчера,-1.0,-1.2
2024-02-03,4,88.73,0,78.45,84.29,Правило 1: конкурент дешевле на 10%,-4.439999999999998,-5.0
2024-02-04,4,76.75,0,63.75,72.91,Правило 1: конкурент дешевле на 10%,-3.8400000000000034,-5.0
2024-02-05,4,96.23,0,107.35,95.23,Правило 2: не было продаж вчера,-1.0,-1.0
2024-02-06,4,88.29,0,89.97,87.29,Правило 2: не было продаж вчера,-1.0,-1.1
2024-02-07,4,82.96,0,92.46,81.96,Правило 2: не было продаж вчера,-1.0,-1.2
2024-02-08,4,84.45,0,98.64,83.45,Правило 2: не было продаж вчера,-1.0,-1.2
2024-02-09,4,94.68,0,93.96,93.68,Правило 2: не было продаж вчера,-1.0,-1.1
2024-02-10,4,93.61,0,92.1,92.61,Правило 2: не было продаж вчера,-1.0,-1.1
2024-02-11,4,87.38,0,90.84,86.38,Правило 2: не было продаж вчера,-1.0,-1.1
2024-02-12,4,83.89,0,87.22,82.89,Правило 2: не было продаж вчера,-1.0,-1.2
2024-02-13,4,88.8,0,88.96,87.8,Правило 2: не было продаж вчера,-1.0,-1.1
2024-02-14,4,93.55,0,86.32,92.55,Правило 2: не было продаж вчера,-1.0,-1.1
2024-02-15,4,88.2,0,89.66,87.2,Правило 2: не было продаж вчера,-1.0,-1.1
2024-02-16,4,84.59,0,98.97,83.59,Правило 2: не было продаж вчера,-1.0,-1.2
2024-02-17,4,92.97,0,110.47,91.97,Правило 2: не было продаж вчера,-1.0,-1.1
2024-02-18,4,91.63,0,87.81,90.63,Правило 2: не было продаж вчера,-1.0,-1.1
2024-02-19,4,94.62,0,105.93,93.62,Правило 2: не было продаж вчера,-1.0,-1.1
2024-02-20,4,87.39,0,92.11,86.39,Правило 2: не было продаж вчера,-1.0,-1.1
2024-02-21,4,86.48,0,77.14,82.16,Правило 1: конкурент дешевле на 10%,-4.320000000000007,-5.0
2024-02-22,4,82.22,0,67.46,78.11,Правило 1: конкурент дешевле на 10%,-4.109999999999999,-5.0
2024-02-23,4,83.6,0,67.83,79.42,Правило 1: конкурент дешевле на 10%,-4.179999999999993,-5.0
2024-02-24,4,79.59,0,67.58,75.61,Правило 1: конкурент дешевле на 10%,-3.980000000000004,-5.0
2024-02-25,4,91.06,0,80.87,86.51,Правило 1: конкурент дешевле на 10%,-4.549999999999997,-5.0
2024-02-26,4,87.28,0,98.77,86.28,Правило 2: не было продаж вчера,-1.0,-1.1
2024-02-27,4,89.81,0,82.1,88.81,Правило 2: не было продаж вчера,-1.0,-1.1
2024-02-28,4,90.57,0,100.75,89.57,Правило 2: не было продаж вчера,-1.0,-1.1
2024-02-29,4,88.18,0,88.34,87.18,Правило 2: не было продаж вчера,-1.0,-1.1
2024-03-01,4,91.54,0,78.3,86.96,Правило 1: конкурент дешевле на 10%,-4.5800000000000125,-5.0
2024-03-02,4,83.26,0,92.52,82.26,Правило 2: не было продаж вчера,-1.0,-1.2
2024-03-03,4,90.85,0,106.16,89.85,Правило 2: не было продаж вчера,-1.0,-1.1
2024-03-04,4,90.09,0,106.05,89.09,Правило 2: не было продаж вчера,-1.0,-1.1
2024-03-05,4,87.3,0,94.44,86.3,Правило 2: не было продаж вчера,-1.0,-1.1
2024-03-06,4,90.98,0,98.04,89.98,Правило 2: не было продаж вчера,-1.0,-1.1
2024-03-07,4,92.04,0,93.75,91.04,Правило 2: не было продаж вчера,-1.0,-1.1
2024-03-08,4,95.15,0,90.17,94.15,Правило 2: не было продаж вчера,-1.0,-1.1
2024-03-09,4,91.28,0,108.9,90.28,Правило 2: не было продаж вчера,-1.0,-1.1
2024-03-10,4,98.33,0,81.24,93.41,Правило 1: конкурент дешевле на 10%,-4.920000000000002,-5.0
2024-03-11,4,80.8,0,93.65,79.8,Правило 2: не было продаж вчера,-1.0,-1.2
2024-03-12,4,86.88,0,78.68,85.88,Правило 2: не было продаж вчера,-1.0,-1.2
2024-03-13,4,92.59,0,95.35,91.59,Правило 2: не было продаж вчера,-1.0,-1.1
2024-03-14,4,90.93,0,91.4,89.93,Правило 2: не было продаж вчера,-1.0,-1.1
2024-03-15,4,86.94,0,88.83,85.94,Правило 2: не было продаж вчера,-1.0,-1.2
2024-03-16,4,85.38,0,90.41,84.38,Правило 2: не было продаж вчера,-1.0,-1.2
2024-03-17,4,85.12,0,74.41,80.86,Правило 1: конкурент дешевле на 10%,-4.260000000000005,-5.0
2024-03-18,4,85.25,0,77.47,84.25,Правило 2: не было продаж вчера,-1.0,-1.2
2024-03-19,4,92.47,0,79.47,87.85,Правило 1: конкурент дешевле на 10%,-4.6200000000000045,-5.0
2024-03-20,4,85.71,0,69.61,81.42,Правило 1: конкурент дешевле на 10%,-4.289999999999992,-5.0
2024-03-21,4,87.12,0,102.43,86.12,Правило 2: не было продаж вчера,-1.0,-1.1
2024-03-22,4,102.8,0,96.5,101.8,Правило 2: не было продаж вчера,-1.0,-1.0
2024-03-23,4,95.75,0,80.8,90.96,Правило 1: конкурент дешевле на 10%,-4.790000000000006,-5.0
2024-03-24,4,89.83,0,85.46,88.83,Правило 2: не было продаж вчера,-1.0,-1.1
2024-03-25,4,86.87,0,82.84,85.87,Правило 2: не было продаж вчера,-1.0,-1.2
2024-03-26,4,93.54,0,99.73,92.54,Правило 2: не было продаж вчера,-1.0,-1.1
2024-03-27,4,93.16,0,83.64,88.5,Правило 1: конкурент дешевле на 10%,-4.659999999999997,-5.0
2024-03-28,4,93.11,0,99.12,92.11,Правило 2: не было продаж вчера,-1.0,-1.1
2024-03-29,4,86.36,0,72.49,82.04,Правило 1: конкурент дешевле на 10%,-4.319999999999993,-5.0
2024-03-30,4,89.63,0,92.53,88.63,Правило 2: не было продаж вчера,-1.0,-1.1
2024-03-31,4,90.89,0,76.6,86.35,Правило 1: конкурент дешевле на 10%,-4.540000000000006,-5.0
2024-04-01,4,91.9,0,93.67,90.9,Правило 2: не было продаж вчера,-1.0,-1.1
2024-04-02,4,92.8,0,93.53,91.8,Правило 2: не было продаж вчера,-1.0,-1.1
2024-04-03,4,94.17,0,86.49,93.17,Правило 2: не было продаж вчера,-1.0,-1.1
2024-04-04,4,89.65,0,88.06,88.65,Правило 2: не было продаж вчера,-1.0,-1.1
2024-04-05,4,92.15,0,75.15,87.54,Правило 1: конкурент дешевле на 10%,-4.609999999999999,-5.0
2024-04-06,4,91.36,0,94.98,90.36,Правило 2: не было продаж вчера,-1.0,-1.1
2024-04-07,4,84.59,0,67.69,80.36,Правило 1: конкурент дешевле на 10%,-4.230000000000004,-5.0
2024-04-08,4,89.8,0,89.87,88.8,Правило 2: не было продаж вчера,-1.0,-1.1
2024-04-09,4,90.14,0,90.2,89.14,Правило 2: не было продаж вчера,-1.0,-1.1
2024-01-01,5,104.69,0,86.29,99.46,Правило 1: конкурент дешевле на 10%,-5.230000000000004,-5.0
2024-01-02,5,100.48,0,118.56,99.48,Правило 2: не было продаж вчера,-1.0,-1.0
2024-01-03,5,97.83,0,102.08,96.83,Правило 2: не было продаж вчера,-1.0,-1.0
2024-01-04,5,101.11,0,108.07,100.11,Правило 2: не было продаж вчера,-1.0,-1.0
2024-01-05,5,106.28,0,104.7,105.28,Правило 2: не было продаж вчера,-1.0,-0.9
2024-01-06,5,99.07,0,107.16,98.07,Правило 2: не было продаж вчера,-1.0,-1.0
2024-01-07,5,107.23,0,93.55,101.87,Правило 1: конкурент дешевле на 10%,-5.359999999999999,-5.0
2024-01-08,5,105.16,0,111.37,104.16,Правило 2: не было продаж вчера,-1.0,-1.0
2024-01-09,5,101.34,0,104.1,100.34,Правило 2: не было продаж вчера,-1.0,-1.0
2024-01-10,5,100.41,0,118.65,99.41,Правило 2: не было продаж вчера,-1.0,-1.0
2024-01-11,5,97.41,0,108.97,96.41,Правило 2: не было продаж вчера,-1.0,-1.0
2024-01-12,5,111.49,0,115.29,110.49,Правило 2: не было продаж вчера,-1.0,-0.9
2024-01-13,5,97.77,0,96.02,96.77,Правило 2: не было продаж вчера,-1.0,-1.0
2024-01-14,5,107.9,0,118.19,106.9,Правило 2: не было продаж вчера,-1.0,-0.9
2024-01-15,5,97.9,0,110.13,96.9,Правило 2: не было продаж вчера,-1.0,-1.0
2024-01-16,5,93.28,0,109.22,92.28,Правило 2: не было продаж вчера,-1.0,-1.1
2024-01-17,5,94.98,0,107.38,93.98,Правило 2: не было продаж вчера,-1.0,-1.1
2024-01-18,5,99.83,0,81.06,94.84,Правило 1: конкурент дешевле на 10%,-4.989999999999995,-5.0
2024-01-19,5,107.75,0,119.51,106.75,Правило 2: не было продаж вчера,-1.0,-0.9
2024-01-20,5,104.92,0,105.83,103.92,Правило 2: не было продаж вчера,-1.0,-1.0
2024-01-21,5,99.75,0,115.13,98.75,Правило 2: не было продаж вчера,-1.0,-1.0
2024-01-22,5,94.39,0,92.83,93.39,Правило 2: не было продаж вчера,-1.0,-1.1
2024-01-23,5,100.83,0,102.47,99.83,Правило 2: не было продаж вчера,-1.0,-1.0
2024-01-24,5,101.45,0,118.0,100.45,Правило 2: не было продаж вчера,-1.0,-1.0
2024-01-25,5,96.81,0,98.99,95.81,Правило 2: не было продаж вчера,-1.0,-1.0
2024-01-26,5,96.88,0,84.76,92.04,Правило 1: конкурент дешевле на 10%,-4.839999999999989,-5.0
2024-01-27,5,96.81,0,103.82,95.81,Правило 2: не было продаж вчера,-1.0,-1.0
2024-01-28,5,107.1,0,86.27,101.74,Правило 1: конкурент дешевле на 10%,-5.359999999999999,-5.0
2024-01-29,5,95.84,0,91.24,94.84,Правило 2: не было продаж вчера,-1.0,-1.0
2024-01-30,5,97.24,0,109.25,96.24,Правило 2: не было продаж вчера,-1.0,-1.0
2024-01-31,5,101.01,0,104.09,100.01,Правило 2: не было продаж вчера,-1.0,-1.0
2024-02-01,5,107.74,0,92.73,102.35,Правило 1: конкурент дешевле на 10%,-5.390000000000001,-5.0
2024-02-02,5,96.94,0,90.34,95.94,Правило 2: не было продаж вчера,-1.0,-1.0
2024-02-03,5,101.43,0,119.76,100.43,Правило 2: не было продаж вчера,-1.0,-1.0
2024-02-04,5,103.29,0,83.89,98.13,Правило 1: конкурент дешевле на 10%,-5.160000000000011,-5.0
2024-02-05,5,99.12,0,110.15,98.12,Правило 2: не было продаж вчера,-1.0,-1.0
2024-02-06,5,93.1,0,81.23,88.44,Правило 1: конкурент дешевле на 10%,-4.659999999999997,-5.0
2024-02-07,5,99.83,0,88.4,94.84,Правило 1: конкурент дешевле на 10%,-4.989999999999995,-5.0
2024-02-08,5,97.41,0,103.36,96.41,Правило 2: не было продаж вчера,-1.0,-1.0
2024-02-09,5,99.92,0,85.7,94.92,Правило 1: конкурент дешевле на 10%,-5.0,-5.0
2024-02-10,5,112.63,0,107.27,111.63,Правило 2: не было продаж вчера,-1.0,-0.9
2024-02-11,5,97.55,0,93.87,96.55,Правило 2: не было продаж вчера,-1.0,-1.0
2024-02-12,5,103.41,0,109.99,102.41,Правило 2: не было продаж вчера,-1.0,-1.0
2024-02-13,5,102.92,0,103.41,101.92,Правило 2: не было продаж вчера,-1.0,-1.0
2024-02-14,5,102.95,0,102.23,101.95,Правило 2: не было продаж вчера,-1.0,-1.0
2024-02-15,5,104.1,0,105.1,103.1,Правило 2: не было продаж вчера,-1.0,-1.0
2024-02-16,5,105.33,0,118.23,104.33,Правило 2: не было продаж вчера,-1.0,-0.9
2024-02-17,5,106.91,0,119.93,105.91,Правило 2: не было продаж вчера,-1.0,-0.9
2024-02-18,5,99.16,0,85.19,94.2,Правило 1: конкурент дешевле на 10%,-4.959999999999994,-5.0
2024-02-19,5,106.03,0,126.96,105.03,Правило 2: не было продаж вчера,-1.0,-0.9
2024-02-20,5,101.84,0,84.23,96.75,Правило 1: конкурент дешевле на 10%,-5.090000000000003,-5.0
2024-02-21,5,100.14,0,120.0,99.14,Правило 2: не было продаж вчера,-1.0,-1.0
2024-02-22,5,100.96,0,85.75,95.91,Правило 1: конкурент дешевле на 10%,-5.049999999999997,-5.0
2024-02-23,5,93.2,0,76.87,88.54,Правило 1: конкурент дешевле на 10%,-4.659999999999997,-5.0
2024-02-24,5,103.23,0,111.66,102.23,Правило 2: не было продаж вчера,-1.0,-1.0
2024-02-25,5,98.46,0,116.62,97.46,Правило 2: не было продаж вчера,-1.0,-1.0
2024-02-26,5,101.25,0,109.84,100.25,Правило 2: не было продаж вчера,-1.0,-1.0
2024-02-27,5,99.52,0,106.01,98.52,Правило 2: не было продаж вчера,-1.0,-1.0
2024-02-28,5,103.04,0,87.94,97.89,Правило 1: конкурент дешевле на 10%,-5.150000000000006,-5.0
2024-02-29,5,97.77,0,85.27,92.88,Правило 1: конкурент дешевле на 10%,-4.890000000000001,-5.0
2024-03-01,5,105.37,0,90.9,100.1,Правило 1: конкурент дешевле на 10%,-5.27000000000001,-5.0
2024-03-02,5,100.66,0,84.17,95.63,Правило 1: конкурент дешевле на 10%,-5.030000000000001,-5.0
2024-03-03,5,105.98,0,125.98,104.98,Правило 2: не было продаж вчера,-1.0,-0.9
2024-03-04,5,97.21,0,97.59,96.21,Правило 2: не было продаж вчера,-1.0,-1.0
2024-03-05,5,107.83,0,105.71,106.83,Правило 2: не было продаж вчера,-1.0,-0.9
2024-03-06,5,97.22,0,90.6,96.22,Правило 2: не было продаж вчера,-1.0,-1.0
2024-03-07,5,92.76,0,92.52,91.76,Правило 2: не было продаж вчера,-1.0,-1.1
2024-03-08,5,102.2,0,87.63,97.09,Правило 1: конкурент дешевле на 10%,-5.109999999999999,-5.0
2024-03-09,5,94.89,0,81.64,90.15,Правило 1: конкурент дешевле на 10%,-4.739999999999995,-5.0
2024-03-10,5,101.22,0,113.99,100.22,Правило 2: не было продаж вчера,-1.0,-1.0
2024-03-11,5,93.6,0,82.79,88.92,Правило 1: конкурент дешевле на 10%,-4.679999999999993,-5.0
2024-03-12,5,103.25,0,86.17,98.09,Правило 1: конкурент дешевле на 10%,-5.159999999999997,-5.0
2024-03-13,5,109.23,0,104.3,108.23,Правило 2: не было продаж вчера,-1.0,-0.9
2024-03-14,5,92.37,0,106.91,91.37,Правило 2: не было продаж вчера,-1.0,-1.1
2024-03-15,5,99.77,0,96.92,98.77,Правило 2: не было продаж вчера,-1.0,-1.0
2024-03-16,5,98.79,0,109.31,97.79,Правило 2: не было продаж вчера,-1.0,-1.0
2024-03-17,5,93.74,0,112.31,92.74,Правило 2: не было продаж вчера,-1.0,-1.1
2024-03-18,5,99.59,0,80.47,94.61,Правило 1: конкурент дешевле на 10%,-4.980000000000004,-5.0
2024-03-19,5,101.71,0,85.77,96.62,Правило 1: конкурент дешевле на 10%,-5.089999999999989,-5.0
2024-03-20,5,102.85,0,110.86,101.85,Правило 2: не было продаж вчера,-1.0,-1.0
2024-03-21,5,103.21,0,119.34,102.21,Правило 2: не было продаж вчера,-1.0,-1.0
2024-03-22,5,100.98,0,100.68,99.98,Правило 2: не было продаж вчера,-1.0,-1.0
2024-03-23,5,99.55,0,82.44,94.57,Правило 1: конкурент дешевле на 10%,-4.980000000000004,-5.0
2024-03-24,5,96.62,0,80.71,91.79,Правило 1: конкурент дешевле на 10%,-4.829999999999998,-5.0
2024-03-25,5,99.8,0,84.08,94.81,Правило 1: конкурент дешевле на 10%,-4.989999999999995,-5.0
2024-03-26,5,100.64,0,88.61,95.61,Правило 1: конкурент дешевле на 10%,-5.030000000000001,-5.0
2024-03-27,5,104.2,0,119.93,103.2,Правило 2: не было продаж вчера,-1.0,-1.0
2024-03-28,5,97.77,0,115.1,96.77,Правило 2: не было продаж вчера,-1.0,-1.0
2024-03-29,5,97.74,0,83.49,92.85,Правило 1: конкурент дешевле на 10%,-4.890000000000001,-5.0
2024-03-30,5,92.08,0,105.29,91.08,Правило 2: не было продаж вчера,-1.0,-1.1
2024-03-31,5,103.93,0,114.62,102.93,Правило 2: не было продаж вчера,-1.0,-1.0
2024-04-01,5,95.17,0,102.26,94.17,Правило 2: не было продаж вчера,-1.0,-1.1
2024-04-02,5,99.98,0,114.23,98.98,Правило 2: не было продаж вчера,-1.0,-1.0
2024-04-03,5,107.52,0,95.95,102.14,Правило 1: конкурент дешевле на 10%,-5.3799999999999955,-5.0
2024-04-04,5,98.9,0,99.67,97.9,Правило 2: не было продаж вчера,-1.0,-1.0
2024-04-05,5,101.04,0,94.71,100.04,Правило 2: не было продаж вчера,-1.0,-1.0
2024-04-06,5,98.76,0,105.03,97.76,Правило 2: не было продаж вчера,-1.0,-1.0
2024-04-07,5,94.99,0,86.74,93.99,Правило 2: не было продаж вчера,-1.0,-1.1
2024-04-08,5,108.99,0,109.1,107.99,Правило 2: не было продаж вчера,-1.0,-0.9
2024-04-09,5,97.14,0,89.5,96.14,Правило 2: не было продаж вчера,-1.0,-1.0
